ID,Name,Quantity,Price,Date of Purchase(DD/MM/YYYY),Bill No.,Vendor ID,Company Name,Categ. ID,Emp. ID,Dept. ID
I0001,k,1.0,1.0,16/06/2026,1,V003,k,C008,,
I0002,k,1.0,1.0,16/06/2026,2,V003,k,C008,,
I0003,k,1.0,1.0,16/06/2026,1,V001,k,C008,,
I0004,k,1.0,1.0,16/06/2026,1,V003,g,C008,,
I0005,j,1.0,1.0,16/06/2026,1,V003,k,C008,,
I0006,Keyboard,5.0,1523.0,12/03/2025,4587/8,V008,TVS,C002,,
I0007,Rim,10.0,5000.0,17/06/2026,753,V006,Khanna Mils,C003,,
I0008,Charger,5.0,5000.0,27/07/2026,567,V003,Xiaomi,C006,,
I0009,Phone,5.0,550000.0,02/10/2026,23456789,V006,Samsung,C006,E0002,D003
I0010,Phone Case,5.0,500.0,02/10/2026,450,V010,local,C009,E0002,D003
